"codigoItam","tipoEquipo","marcaModelo","identificador","estadoActual","responsableActualOUltimoConocido","ubicacion","fechaVerificado","eventoOrigen","motivoSospecha","recomendacion"
"1119","Smartphone","MOTOROLA Celular Motorola G30 128 GB , usado","IMEI: 351889691310461","Disponible","Jim Castillo Montecinos","LABRANZA","2026-09-11T15:56:10.373Z","RECUPERAR_DADO_BAJA → VERIFICACION_FISICA","recuperación de baja","volver a PENDIENTE"
"1272","Smartphone","MOTOROLA Motorola Moto G30","IMEI: 351889692089718","Asignado","Jim Castillo Montecinos","LABRANZA","2026-09-11T15:54:35.535Z","DEVOLVER_DISPOSITIVO → VERIFICACION_FISICA","recepción en bodega","volver a PENDIENTE"
"1325","Smartphone","Motorola Moto g30","IMEI: 351889692080006","Retenido / En Revisión","Ivan Cayupan Ortiz","LABRANZA","2026-09-09T19:14:38.819Z","DEVOLVER_DISPOSITIVO → VERIFICACION_FISICA","recepción en bodega","volver a PENDIENTE"
"1445","Smartphone","Samsung Galaxy A13","IMEI: 352460887350411","Asignado","Marta Del Carmen Ramirez Painefil","Temuco · Casa central Ruta S-30 050480LT1B","2026-09-09T19:41:17.903Z","ALTA_DISPOSITIVO → VERIFICACION_FISICA","creación directa","volver a PENDIENTE"
"3025","Notebook","Asus X515EA-BQ968T","N° serie: M8N0CV140403338","Asignado","Marta Del Carmen Ramirez Painefil","Temuco · Casa central Ruta S-30 050480LT1B","2026-09-10T12:37:27.255Z","ALTA_DISPOSITIVO → VERIFICACION_FISICA","creación directa","volver a PENDIENTE"
"3026","Notebook","HP 240 G8","N° serie: 5CG1130T5K","Asignado","Viviana Maureira Peña","Temuco · Casa central Ruta S-30 050480LT1B","2026-09-11T15:32:17.607Z","ALTA_DISPOSITIVO → VERIFICACION_FISICA","creación directa","volver a PENDIENTE"
"4017","Monitor","LG 22M38H-B","N° serie: 802NTBK54789","Asignado","Marta Del Carmen Ramirez Painefil","Temuco · Casa central Ruta S-30 050480LT1B","2026-09-10T12:20:16.379Z","ALTA_DISPOSITIVO → VERIFICACION_FISICA","creación directa","volver a PENDIENTE"
"4018","Monitor","ViewSonic VA1911A-LED","N° serie: T6N123902878","Asignado","Viviana Maureira Peña","Temuco · Casa central Ruta S-30 050480LT1B","2026-09-11T15:38:01.404Z","ALTA_DISPOSITIVO → VERIFICACION_FISICA","creación directa","volver a PENDIENTE"
"6014","Teclado","Logitech K20","N° serie: 2228MR024538","Asignado","Marta Del Carmen Ramirez Painefil","Temuco · Casa central Ruta S-30 050480LT1B","2026-09-11T15:39:52.467Z","ALTA_DISPOSITIVO → VERIFICACION_FISICA","creación directa","volver a PENDIENTE"
"7007","Impresora","Canon F162100","N° serie: JWQ30453","Asignado","DPTO. PREVENCION DE RIESGOS","Temuco · Casa central Ruta S-30 050480LT1B","2026-09-11T15:01:54.453Z","ALTA_DISPOSITIVO → VERIFICACION_FISICA","creación directa","volver a PENDIENTE"
