"FechaHora","Escenario","CPU_Sistema_Pct","RAM_Total_MB","RAM_Usada_MB","RAM_Disponible_MB","RAM_Usada_Pct","Backend_CPU_Pct","Backend_RAM_MB","Backend_Procesos","Frontend_CPU_Pct","Frontend_RAM_MB","Frontend_Procesos","PostgreSQL_CPU_Pct","PostgreSQL_RAM_MB","PostgreSQL_Procesos","OtrosNodeITAM_CPU_Pct","OtrosNodeITAM_RAM_MB","OtrosNodeITAM_Procesos","NPMTooling_CPU_Pct","NPMTooling_RAM_MB","NPMTooling_Procesos","Backend_Health_HTTP","Backend_Health_MS","Backend_DatabaseHealth_HTTP","Backend_DatabaseHealth_MS","Disco_Unidad","Disco_Total_GB","Disco_Usado_GB","Disco_Libre_GB","Disco_Usado_Pct","Backend_Dist_MB","Frontend_Dist_MB","Reports_MB"
"2026-09-24 11:36:10","Reposo","22","12163,6","8376,49","3787,11","68,87","0","48,21","2","0","60,32","1","0","33,55","10","0","0","0","0","0","0","200","2184,09","200","88,44","E:","447,11","155,57","291,54","34,79","0","0","0"
"2026-09-24 11:36:15","Reposo","28","12163,6","8431,14","3732,46","69,31","0","55,57","2","0","60,32","1","0","49,44","11","0","0","0","0","0","0","200","41,63","200","18,01","E:","447,11","155,57","291,54","34,79","0","0","0"
"2026-09-24 11:36:20","Reposo","13","12163,6","8401,74","3761,86","69,07","0","55,93","2","0","60,32","1","0","49,44","11","0","0","0","0","0","0","200","17,93","200","15,9","E:","447,11","155,57","291,54","34,79","0","0","0"
"2026-09-24 11:36:25","Reposo","21","12163,6","8404,36","3759,24","69,09","0","56,07","2","0,04","60,32","1","0","49,44","11","0","0","0","0","0","0","200","19,69","200","15,17","E:","447,11","155,57","291,54","34,79","0","0","0"
"2026-09-24 11:36:30","Reposo","38","12163,6","8406,94","3756,66","69,12","0","56,14","2","0","60,32","1","0","49,44","11","0","0","0","0","0","0","200","27,31","200","15,51","E:","447,11","155,57","291,54","34,79","0","0","0"
"2026-09-24 11:36:35","Reposo","43","12163,6","8435,2","3728,4","69,35","0","56,21","2","0","60,32","1","0","49,44","11","0","0","0","0","0","0","200","16,03","200","16,28","E:","447,11","155,57","291,54","34,79","0","0","0"
"2026-09-24 11:36:40","Reposo","13","12163,6","8442,74","3720,86","69,41","0,12","56,52","2","0","60,32","1","0","49,44","11","0","0","0","0","0","0","200","19,89","200","15,6","E:","447,11","155,57","291,54","34,79","0","0","0"
"2026-09-24 11:36:45","Reposo","8","12163,6","8431,6","3732","69,32","0,08","56,61","2","0","60,32","1","0","49,38","11","0","0","0","0","0","0","200","22,16","200","14,87","E:","447,11","155,57","291,54","34,79","0","0","0"
"2026-09-24 11:36:50","Reposo","18","12163,6","8424,96","3738,64","69,26","0","56,71","2","0","60,32","1","0","49,38","11","0","0","0","0","0","0","200","17,14","200","15,1","E:","447,11","155,57","291,54","34,79","0","0","0"
"2026-09-24 11:36:55","Reposo","10","12163,6","8433,22","3730,38","69,33","0","56,78","2","0","60,36","1","0","49,38","11","0","0","0","0","0","0","200","28,71","200","16,24","E:","447,11","155,57","291,54","34,79","0","0","0"
"2026-09-24 11:37:00","Reposo","15","12163,6","8421,27","3742,33","69,23","0","56,9","2","0","60,36","1","0","49,38","11","0","0","0","0","0","0","200","14,52","200","15,83","E:","447,11","155,57","291,54","34,79","0","0","0"
"2026-09-24 11:37:05","Reposo","19","12163,6","8422,89","3740,71","69,25","0","56,97","2","0","60,36","1","0","49,38","11","0","0","0","0","0","0","200","19,07","200","15,61","E:","447,11","155,57","291,54","34,79","0","0","0"
